model_id,toxicity_reference,toxicity_generated,similarity_original_reference,similarity_original_generated,toxicity_reduction,similarity_drop
TarhanE/sft-count-t5-small-mle0.5-ul0.5-tox1.0-e20,0.1621383232501102,0.1940880328736966,0.8667653262615204,0.9117356479167938,-0.0319497096235864,-0.04497032165527348
TarhanE/sft-base_loss-t5-v1_1-base-mle0.5-ul0.5-tox1.0-e10,0.1621383232501102,0.20337263684195928,0.8667653262615204,0.9123059809207916,-0.041234313591849064,-0.04554065465927126
TarhanE/sft-base_loss-Qwen3-0.6B-mle0-ul0-tox0-e10,0.1621383079589577,0.8725107476115227,0.8667653068900109,0.8917777091264725,-0.710372439652565,-0.025012402236461617
TarhanE/sft-base_loss-Qwen3-0.6B-mle0.5-ul0.5-tox1.0-e3,0.16213834572990887,0.8942032754421234,0.8667653247714042,0.8075144559144973,-0.7320649297122146,0.05925086885690689
TarhanE/sft-base_loss-Qwen1.5-0.5B-mle0-ul0-tox0-e10,0.1621383000630885,0.9266928553581237,0.866765333712101,0.905832102894783,-0.7645545552950352,-0.03906676918268204
