{"_wandb":{"runtime":30},"_step":0,"train/loss":0,"train/global_step":100,"_timestamp":1.7474964991885583e+09,"train/epoch":0.14492753623188406,"_runtime":25.981111076,"train/grad_norm":NaN,"train/learning_rate":0.0004}